{"cameraMode":{"drawMode":0,"name":"Shaded","section":"Shading Mode"},"sceneLighting":true,"audioPlay":false,"sceneViewState":{"showFog":true,"showMaterialUpdate":false,"showSkybox":true,"showFlares":true,"showImageEffects":true,"showParticleSystems":true},"in2DMode":false,"pivot":{"x":0.000004708766937255859,"y":1.4369179010391236,"z":5.288005352020264},"rotation":{"x":0.1304294764995575,"y":0.014868836849927903,"z":-0.00194982357788831,"w":0.9913973212242127},"size":1.7609496116638184,"orthographic":false}